{"cameraMode":{"drawMode":0,"name":"Shaded","section":"Shading Mode"},"sceneLighting":true,"audioPlay":false,"sceneViewState":{"m_AlwaysRefresh":false,"showFog":true,"showSkybox":true,"showFlares":true,"showImageEffects":true,"showParticleSystems":true,"showVisualEffectGraphs":true,"m_FxEnabled":true},"in2DMode":false,"pivot":{"x":-1.0677008628845215,"y":4.632915019989014,"z":-5.600893497467041},"rotation":{"x":-0.008186723105609417,"y":0.9703547358512878,"z":0.03318967670202255,"w":0.2395961433649063},"size":0.0310073085129261,"orthographic":false}